<?xml version="1.0" encoding="UTF-8"?>
<project-private xmlns="http://www.netbeans.org/ns/project-private/1">
    <editor-bookmarks xmlns="http://www.netbeans.org/ns/editor-bookmarks/2" lastBookmarkId="0"/>
    <open-files xmlns="http://www.netbeans.org/ns/projectui-open-files/2">
        <group>
            <file>file:/C:/xampp/htdocs/ProjectF/dao/Slotjadwal.php</file>
            <file>file:/C:/xampp/htdocs/ProjectF/index.php</file>
            <file>file:/C:/xampp/htdocs/ProjectF/view/edit_lesson.php</file>
            <file>file:/C:/xampp/htdocs/ProjectF/dao/PeriodeDao.php</file>
            <file>file:/C:/xampp/htdocs/ProjectF/dao/User.php</file>
            <file>file:/C:/xampp/htdocs/ProjectF/dao/UserDao.php</file>
            <file>file:/C:/xampp/htdocs/ProjectF/dao/StudentDao.php</file>
            <file>file:/C:/xampp/htdocs/ProjectF/dao/RegistrationDao.php</file>
            <file>file:/C:/xampp/htdocs/ProjectF/dao/MyjadwalDao.php</file>
            <file>file:/C:/xampp/htdocs/ProjectF/dao/Registration.php</file>
            <file>file:/C:/xampp/htdocs/ProjectF/dao/LessonDao.php</file>
            <file>file:/C:/xampp/htdocs/ProjectF/dao/Student.php</file>
            <file>file:/C:/xampp/htdocs/ProjectF/view/detail_student_score.php</file>
            <file>file:/C:/xampp/htdocs/ProjectF/dao/Studentkelas.php</file>
            <file>file:/C:/xampp/htdocs/ProjectF/dao/Teacher.php</file>
            <file>file:/C:/xampp/htdocs/ProjectF/dao/Myjadwal.php</file>
            <file>file:/C:/xampp/htdocs/ProjectF/dao/Periode.php</file>
            <file>file:/C:/xampp/htdocs/ProjectF/dao/KelasDao.php</file>
            <file>file:/C:/xampp/htdocs/ProjectF/dao/TeacherDao.php</file>
            <file>file:/C:/xampp/htdocs/ProjectF/dao/Mapelkelas.php</file>
            <file>file:/C:/xampp/htdocs/ProjectF/view/detail_nilai_parent.php</file>
            <file>file:/C:/xampp/htdocs/ProjectF/dao/NilaiDao.php</file>
            <file>file:/C:/xampp/htdocs/ProjectF/view/input_nilai.php</file>
            <file>file:/C:/xampp/htdocs/ProjectF/dao/Kelas.php</file>
            <file>file:/C:/xampp/htdocs/ProjectF/dao/SlotjadwalDao.php</file>
            <file>file:/C:/xampp/htdocs/ProjectF/dao/Nilai.php</file>
            <file>file:/C:/xampp/htdocs/ProjectF/dao/Lesson.php</file>
        </group>
    </open-files>
</project-private>
